{
  "backprop" : true,
  "backpropType" : "Standard",
  "cacheMode" : "NONE",
  "confs" : [ {
    "cacheMode" : "NONE",
    "epochCount" : 0,
    "iterationCount" : 0,
    "l1ByParam" : {
      "b" : 0.0,
      "W" : 0.0
    },
    "l2ByParam" : {
      "b" : 0.0,
      "W" : 0.0
    },
    "layer" : {
      "dense" : {
        "activationFn" : {
          "ReLU" : { }
        },
        "biasInit" : 0.0,
        "biasUpdater" : null,
        "constraints" : null,
        "dist" : null,
        "gradientNormalization" : "None",
        "gradientNormalizationThreshold" : 1.0,
        "hasBias" : true,
        "idropout" : {
          "@class" : "org.deeplearning4j.nn.conf.dropout.Dropout",
          "p" : 1.0,
          "pschedule" : null
        },
        "iupdater" : {
          "@class" : "org.nd4j.linalg.learning.config.Sgd",
          "learningRate" : 0.001
        },
        "l1" : 0.0,
        "l1Bias" : 0.0,
        "l2" : 0.0,
        "l2Bias" : 0.0,
        "layerName" : "cesin",
        "nin" : 10,
        "nout" : 7,
        "weightInit" : "UNIFORM",
        "weightNoise" : null
      }
    },
    "maxNumLineSearchIterations" : 5,
    "miniBatch" : true,
    "minimize" : true,
    "optimizationAlgo" : "STOCHASTIC_GRADIENT_DESCENT",
    "pretrain" : false,
    "seed" : 1516264007673,
    "stepFunction" : null,
    "variables" : [ "W", "b" ]
  }, {
    "cacheMode" : "NONE",
    "epochCount" : 0,
    "iterationCount" : 0,
    "l1ByParam" : {
      "b" : 0.0,
      "W" : 0.0
    },
    "l2ByParam" : {
      "b" : 0.0,
      "W" : 0.0
    },
    "layer" : {
      "dense" : {
        "activationFn" : {
          "ReLU" : { }
        },
        "biasInit" : 0.0,
        "biasUpdater" : null,
        "constraints" : null,
        "dist" : null,
        "gradientNormalization" : "None",
        "gradientNormalizationThreshold" : 1.0,
        "hasBias" : true,
        "idropout" : {
          "@class" : "org.deeplearning4j.nn.conf.dropout.Dropout",
          "p" : 1.0,
          "pschedule" : null
        },
        "iupdater" : {
          "@class" : "org.nd4j.linalg.learning.config.Sgd",
          "learningRate" : 0.001
        },
        "l1" : 0.0,
        "l1Bias" : 0.0,
        "l2" : 0.0,
        "l2Bias" : 0.0,
        "layerName" : "dense_22",
        "nin" : 7,
        "nout" : 7,
        "weightInit" : "UNIFORM",
        "weightNoise" : null
      }
    },
    "maxNumLineSearchIterations" : 5,
    "miniBatch" : true,
    "minimize" : true,
    "optimizationAlgo" : "STOCHASTIC_GRADIENT_DESCENT",
    "pretrain" : false,
    "seed" : 1516264007673,
    "stepFunction" : null,
    "variables" : [ "W", "b" ]
  }, {
    "cacheMode" : "NONE",
    "epochCount" : 0,
    "iterationCount" : 0,
    "l1ByParam" : {
      "b" : 0.0,
      "W" : 0.0
    },
    "l2ByParam" : {
      "b" : 0.0,
      "W" : 0.0
    },
    "layer" : {
      "dense" : {
        "activationFn" : {
          "ReLU" : { }
        },
        "biasInit" : 0.0,
        "biasUpdater" : null,
        "constraints" : null,
        "dist" : null,
        "gradientNormalization" : "None",
        "gradientNormalizationThreshold" : 1.0,
        "hasBias" : true,
        "idropout" : {
          "@class" : "org.deeplearning4j.nn.conf.dropout.Dropout",
          "p" : 1.0,
          "pschedule" : null
        },
        "iupdater" : {
          "@class" : "org.nd4j.linalg.learning.config.Sgd",
          "learningRate" : 0.001
        },
        "l1" : 0.0,
        "l1Bias" : 0.0,
        "l2" : 0.0,
        "l2Bias" : 0.0,
        "layerName" : "dense_23",
        "nin" : 7,
        "nout" : 7,
        "weightInit" : "UNIFORM",
        "weightNoise" : null
      }
    },
    "maxNumLineSearchIterations" : 5,
    "miniBatch" : true,
    "minimize" : true,
    "optimizationAlgo" : "STOCHASTIC_GRADIENT_DESCENT",
    "pretrain" : false,
    "seed" : 1516264007673,
    "stepFunction" : null,
    "variables" : [ "W", "b" ]
  }, {
    "cacheMode" : "NONE",
    "epochCount" : 0,
    "iterationCount" : 0,
    "l1ByParam" : {
      "b" : 0.0,
      "W" : 0.0
    },
    "l2ByParam" : {
      "b" : 0.0,
      "W" : 0.0
    },
    "layer" : {
      "dense" : {
        "activationFn" : {
          "ReLU" : { }
        },
        "biasInit" : 0.0,
        "biasUpdater" : null,
        "constraints" : null,
        "dist" : null,
        "gradientNormalization" : "None",
        "gradientNormalizationThreshold" : 1.0,
        "hasBias" : true,
        "idropout" : {
          "@class" : "org.deeplearning4j.nn.conf.dropout.Dropout",
          "p" : 1.0,
          "pschedule" : null
        },
        "iupdater" : {
          "@class" : "org.nd4j.linalg.learning.config.Sgd",
          "learningRate" : 0.001
        },
        "l1" : 0.0,
        "l1Bias" : 0.0,
        "l2" : 0.0,
        "l2Bias" : 0.0,
        "layerName" : "dense_24",
        "nin" : 7,
        "nout" : 7,
        "weightInit" : "UNIFORM",
        "weightNoise" : null
      }
    },
    "maxNumLineSearchIterations" : 5,
    "miniBatch" : true,
    "minimize" : true,
    "optimizationAlgo" : "STOCHASTIC_GRADIENT_DESCENT",
    "pretrain" : false,
    "seed" : 1516264007673,
    "stepFunction" : null,
    "variables" : [ "W", "b" ]
  }, {
    "cacheMode" : "NONE",
    "epochCount" : 0,
    "iterationCount" : 0,
    "l1ByParam" : {
      "b" : 0.0,
      "W" : 0.0
    },
    "l2ByParam" : {
      "b" : 0.0,
      "W" : 0.0
    },
    "layer" : {
      "dense" : {
        "activationFn" : {
          "Identity" : { }
        },
        "biasInit" : 0.0,
        "biasUpdater" : null,
        "constraints" : null,
        "dist" : null,
        "gradientNormalization" : "None",
        "gradientNormalizationThreshold" : 1.0,
        "hasBias" : true,
        "idropout" : {
          "@class" : "org.deeplearning4j.nn.conf.dropout.Dropout",
          "p" : 1.0,
          "pschedule" : null
        },
        "iupdater" : {
          "@class" : "org.nd4j.linalg.learning.config.Sgd",
          "learningRate" : 0.001
        },
        "l1" : 0.0,
        "l1Bias" : 0.0,
        "l2" : 0.0,
        "l2Bias" : 0.0,
        "layerName" : "cesout",
        "nin" : 7,
        "nout" : 2,
        "weightInit" : "UNIFORM",
        "weightNoise" : null
      }
    },
    "maxNumLineSearchIterations" : 5,
    "miniBatch" : true,
    "minimize" : true,
    "optimizationAlgo" : "STOCHASTIC_GRADIENT_DESCENT",
    "pretrain" : false,
    "seed" : 1516264007673,
    "stepFunction" : null,
    "variables" : [ "W", "b" ]
  }, {
    "cacheMode" : "NONE",
    "epochCount" : 0,
    "iterationCount" : 0,
    "l1ByParam" : { },
    "l2ByParam" : { },
    "layer" : {
      "loss" : {
        "activationFn" : {
          "Identity" : { }
        },
        "biasInit" : 0.0,
        "biasUpdater" : null,
        "constraints" : null,
        "dist" : null,
        "gradientNormalization" : "None",
        "gradientNormalizationThreshold" : 1.0,
        "idropout" : null,
        "iupdater" : {
          "@class" : "org.nd4j.linalg.learning.config.Sgd",
          "learningRate" : 0.001
        },
        "l1" : 0.0,
        "l1Bias" : 0.0,
        "l2" : 0.0,
        "l2Bias" : 0.0,
        "layerName" : "cesout_loss",
        "lossFn" : {
          "MSE" : {
            "ownName" : "7a427f11-8933-4092-82ec-f494f739e54b"
          }
        },
        "nin" : 2,
        "nout" : 0,
        "weightInit" : "XAVIER",
        "weightNoise" : null
      }
    },
    "maxNumLineSearchIterations" : 5,
    "miniBatch" : true,
    "minimize" : true,
    "optimizationAlgo" : "STOCHASTIC_GRADIENT_DESCENT",
    "pretrain" : false,
    "seed" : 1516264007673,
    "stepFunction" : null,
    "variables" : [ ]
  } ],
  "epochCount" : 0,
  "inferenceWorkspaceMode" : "SEPARATE",
  "inputPreProcessors" : { },
  "iterationCount" : 0,
  "pretrain" : false,
  "tbpttBackLength" : 20,
  "tbpttFwdLength" : 20,
  "trainingWorkspaceMode" : "NONE"
}